{"cameraMode":{"drawMode":0,"name":"Shaded","section":"Shading Mode"},"sceneLighting":true,"audioPlay":false,"sceneViewState":{"m_AlwaysRefresh":false,"showFog":true,"showSkybox":true,"showFlares":true,"showImageEffects":true,"showParticleSystems":true,"showVisualEffectGraphs":true,"m_FxEnabled":true},"in2DMode":false,"pivot":{"x":5.110000133514404,"y":1.225000023841858,"z":0.014999999664723874},"rotation":{"x":-0.2590249180793762,"y":0.49672389030456545,"z":-0.15823867917060853,"w":-0.8131011128425598},"size":8.200704574584961,"orthographic":false}