{"cameraMode":{"drawMode":0,"name":"Shaded","section":"Shading Mode"},"sceneLighting":true,"audioPlay":false,"sceneViewState":{"m_AlwaysRefresh":false,"showFog":true,"showSkybox":true,"showFlares":true,"showImageEffects":true,"showParticleSystems":true,"showVisualEffectGraphs":true,"m_FxEnabled":true},"in2DMode":false,"pivot":{"x":-15.720682144165039,"y":1.4382514953613282,"z":6.984542369842529},"rotation":{"x":-0.03920198231935501,"y":0.7130475640296936,"z":-0.039693813771009448,"w":-0.6990891098976135},"size":1.9125877618789673,"orthographic":false}